timestamp,voltaje_L1,voltaje_L2,voltaje_L3,voltaje_LNAvg,intensidad_L1,intensidad_L2,intensidad_L3,intensidad_Avg_total,intensidad_neutral,pf_L1,pf_L2,pf_L3,pf_total,frecuencia,s_L1,s_L2,s_L3,s_total,q_L1,q_L2,q_L3,q_total,p_L1,p_L2,p_L3,p_total,app_en_total,act_en_total,react_en_total,react_en_inflow,react_en_outflow,act_en_inflow,act_en_outlow
2025-05-21 22:00:00,237.01295471191406,237.47507546164772,236.75588850541547,237.08130576393822,6.67337044802579,9.010562333193691,8.952534458853982,8.212155645543879,6.878195459192449,0.9436319849707864,0.5702371488917958,0.7239414832808755,0.7287188768386841,50.01256630637429,1.582294529134577,2.1402659632942895,2.1184861226515337,5.841046636754816,0.25763076950203284,1.6972728263248096,1.4107767126776956,3.3656802394173364,1.493104804645885,1.23334262045947,1.4926605441353538,4.2191080396825615,4175.828968394886,2586.9878373579545,2238.4713911576705,2452.881503018466,214.41001892089844,0.0,0.0
2025-05-21 23:00:00,236.70751991271973,237.19453595479328,236.74305941263836,236.8817076365153,6.789779766400655,8.000931636492412,9.60319930712382,8.131303536891938,5.911497229337693,0.9356364250183106,0.573383183280627,0.7631410181522369,0.7469509690999985,49.993561553955075,1.6068097526828449,1.898830771446228,2.2755411247412365,5.781181645393372,0.31933708731085064,1.505538859963417,1.3540370921293894,3.1789130598306654,1.5018576756119728,1.0932295714815459,1.683963175614675,4.279050427675247,4179.003820800781,2589.284940592448,2240.274540201823,2454.6845886230467,214.41002782185873,0.0,0.0
2025-05-22 16:00:00,235.14188964278608,234.4081679450141,234.9382824367947,234.82944686324507,5.805850510244016,3.272138579024209,6.012178853706077,5.030055966642168,6.192354133835545,0.9419231160923287,0.2330963262301574,0.7138949806491534,0.6404505883240037,50.00874953799777,1.3637279426610027,0.7590210379825698,1.4107546011606853,3.533503569938518,0.07948993429265638,0.5550568326833416,0.3499556573245812,0.9845024129996697,1.2884427148986746,0.006046541321901951,1.001572233521276,2.296061487799441,4310.839735243056,2682.327763310185,2315.254507559317,2531.259363245081,216.00482898288303,0.0,0.0
2025-05-22 17:00:00,234.7617712656657,234.2420602162679,235.03271141052247,234.67884877522786,7.545687186717987,4.2827223668495815,7.770757174491882,6.53305558959643,5.925763309001923,0.9340141857663791,0.4222178798923172,0.7856850725909074,0.7489567945400873,50.00096788406372,1.7709629853566489,0.9968501880764962,1.8294727449615797,4.597285940249761,0.4469411981292069,0.5992526988654087,0.6857168868804971,1.7319107848530015,1.643426981071631,0.4180177087658497,1.4030761398375033,3.4645208030939103,4314.542590332031,2684.923799641927,2316.4480407714846,2532.703466796875,216.2554033915202,0.0,0.0
2025-05-22 18:00:00,234.66877237955728,233.93140500386556,234.84690373738607,234.48236033121745,10.90325540304184,5.789625964562098,10.498833127816518,9.06390479405721,7.275946118434271,0.9043144022425016,0.4155839428305626,0.7493619283040365,0.7403560929000378,50.004112529754636,2.559986956914266,1.348136236766974,2.467203065752983,6.375326224168142,0.9757251980016008,1.1143773071467877,1.4237210314129092,3.5138235410054524,2.2976897825797398,0.6223904248637457,1.7987208237250647,4.718801001707713,4320.08300374349,2689.0334716796874,2319.1003682454425,2535.489534505208,216.38911603291828,0.0,0.0
2025-05-22 19:00:00,234.1135981241862,234.16769765218098,234.77075080871583,234.3506814320882,9.257421799500783,6.7507117092609406,9.975553572177887,8.661229062080384,6.100094733635585,0.9147481635212898,0.5542194989820322,0.7950518454114596,0.765558319290479,49.99132118225098,2.1694331000248592,1.581303002188603,2.3459431330362954,6.096679260333379,0.7301554973547657,1.2681279089301825,1.275631841768821,3.2739152436455092,1.9579603979984919,0.8668775952110688,1.8200497284531594,4.6448877394199375,4326.7157511393225,2694.0575744628904,2322.7523539225263,2539.144256591797,216.391845703125,0.0,0.0
2025-05-22 20:00:00,232.93253186543782,233.5951021830241,233.88226153055828,233.46996472676594,6.222990330060323,7.034762605031331,9.455215660730998,7.570989549160004,4.9098189552625024,0.9466189031799634,0.5479364591340224,0.8394314095377922,0.7698873867591222,49.98449516296387,1.4496542592843373,1.6443093140920004,2.210260521372159,5.304224089781443,0.2236398287117481,1.3452741066614786,1.0260398753608266,2.5949537992477416,1.3716039101282755,0.8766885975996653,1.7950986593961715,4.043391148249309,4332.2322713216145,2698.222170003255,2325.5763997395834,2541.9682881673175,216.391845703125,0.0,0.0
2025-05-22 21:00:00,235.04697291056314,235.89071935017904,236.40449142456055,235.78072713216145,6.331985143820445,7.173409096399943,11.025668414433797,8.177020899454753,5.8306191186110174,0.9487274343768756,0.5550865019361179,0.7356094921628634,0.7257488424579303,50.00181935628255,1.4904506226380667,1.6878575950860977,2.597301717599233,5.77560997804006,0.23474538500110306,1.3750687594215074,1.6392122673491636,3.2490264058113096,1.4126721600691476,0.9110158095757167,1.820101273059845,4.143789237737655,4337.751501464843,2702.3084309895835,2328.4838663736978,2544.8757670084638,216.391845703125,0.0,0.0
2025-05-22 22:00:00,234.71748008728028,234.9881108601888,235.02879155476887,234.91145884195964,6.349705855051677,7.053305514653524,9.47384295463562,7.625618120034535,5.137725969155629,0.948610582947731,0.5572320180634658,0.8269859254360199,0.7684208293755849,50.00690886179606,1.48965695699056,1.658843258023262,2.226892371972402,5.375392584005992,0.22978890500962731,1.351421555876732,1.0835901734729607,2.66480060617129,1.4118118415276208,0.8984525501728058,1.7762292822202046,4.08649365901947,4343.336437988281,2706.444264729818,2331.4508422851563,2547.842740885417,216.391845703125,0.0,0.0
2025-05-22 23:00:00,236.27072677612304,236.68132425944012,236.750980758667,236.56767781575522,6.257877101500829,6.462302746375402,9.477389280001322,7.399189752340317,5.128319909175237,0.9460445756713549,0.6327096556623777,0.808670953164498,0.7820102989673614,50.0125114440918,1.4785916353265445,1.5295648326476414,2.244518823424975,5.252675292889277,0.21456785725895314,1.0822435496995846,1.175237556050221,2.4720489835366606,1.3989299456278483,0.9238261550664901,1.7408871819575629,4.06364332040151,4348.719185384115,2710.53876953125,2334.1477254231772,2550.5410380045573,216.39327112833658,0.0,0.0
2025-05-23 00:00:00,235.40256436665854,236.31151084899903,235.81122093200685,235.8417645772298,4.26833366950353,7.350156323115031,10.665861030419668,7.428117060661316,5.792869524161021,0.9413248375058174,0.5653119673331578,0.7693234776457151,0.7237300838033358,50.007429949442546,1.0045549790064494,1.735702042778333,2.5162930220365523,5.256550037860871,-0.06822783434763548,1.387997957567374,1.4681827306592217,2.7879528562227884,0.9459658155838648,0.9593571881453197,1.8481513172388078,3.753474315007528,4353.99883219401,2714.4693216959636,2336.746103922526,2553.2275736490888,216.4814084370931,0.0,0.0
2025-05-23 01:00:00,235.22997983296713,236.11111183166503,235.74529685974122,235.69546381632486,4.031215053796768,6.904098733266195,10.714830525716145,7.216714759667714,5.75780419309934,0.9433939392367999,0.569564514607191,0.79700259466966,0.7410789951682091,50.00651162465413,0.9486979335546494,1.630315857132276,2.5267004787921907,5.1057142535845434,-0.1231906794166813,1.3085373237729072,1.4297078808148702,2.6150544941425324,0.8954289674758911,0.9087138166030247,1.9453662832578023,3.7495090822378794,4359.103251139323,2718.182362874349,2339.380008951823,2555.9929138183593,216.61285616556805,0.0,0.0
2025-05-23 02:00:00,236.10138448079428,236.7016222635905,236.31164728800456,236.37155151367188,4.006692290306091,7.091298512617747,9.744670116901398,6.947553650538127,5.070991669098536,0.9430487195650736,0.5741059427460035,0.8303073912858963,0.7537460620204608,49.9986935933431,0.9461679975191752,1.6784655153751373,2.3034044096867246,4.928037931521733,-0.11491756797768173,1.3445876345038414,1.1233967521538337,2.3530668248732884,0.8922060509522756,0.9298970217506091,1.8602670709292093,3.682370150089264,4364.069881184896,2721.8805908203126,2341.7987548828123,2558.5480224609373,216.74923566182454,0.0,0.0
2025-05-23 03:00:00,236.28522097269695,237.07739270528157,236.775351079305,236.7126552581787,4.145247765382131,7.039841111501058,10.280247076352437,7.155111988385518,5.353918164968491,0.9448893149693807,0.5710292160511017,0.79732656031847,0.7421812802553177,50.00836385091146,0.9799208452304204,1.6705680549144746,2.4358614563941954,5.086350381374359,-0.09625030159950253,1.339993666112423,1.343790390373518,2.587533757587274,0.9266668995221455,0.9314060603578885,1.883530574043592,3.7416035493214923,4369.055480957031,2725.5879414876304,2344.2336893717447,2561.118398030599,216.88464940388997,0.0,0.0
2025-05-23 04:00:00,236.22039120992025,237.06456654866537,236.68131624857585,236.65542526245116,4.033496417601904,7.0442026933034265,10.37210922241211,7.149936115741729,4.999357752005259,0.9433353280027708,0.569466486821572,0.8249177927772204,0.7541790967186291,49.99585294723511,0.9523175473014514,1.6709952096144358,2.456339704990387,5.079652468363444,-0.11749444995075461,1.3444463526209196,1.1889926278032363,2.4159445350368816,0.8985356877247492,0.9223177204529445,1.9608683814605077,3.781721786657969,4374.165608723958,2729.366910807292,2346.758221435547,2563.77431640625,217.01604563395182,0.0,0.0
2025-05-23 05:00:00,235.6250857035319,236.13460172017415,236.14956868489583,235.96975186665853,4.026690222819647,6.933983453114828,9.954262113571167,6.971645263830821,4.835589649279912,0.9441792840758959,0.5845807912449043,0.8479408316314221,0.7696606263518333,50.003573735555015,0.9475714176893234,1.6368155002593994,2.350827729701996,4.935214654604594,-0.11488950819087522,1.2959267978866895,1.029466840842118,2.2105041181047755,0.8951203013459842,0.9291641712188721,1.9401124129692713,3.764396878083547,4379.147196451823,2733.1477254231772,2349.0121948242186,2566.1603515625,217.14809811909993,0.0,0.0
2025-05-23 06:00:00,233.4139540354411,233.618359375,234.13788363138835,233.7233990987142,7.754786692063013,6.361228370666504,10.068516767024994,8.061510531107585,6.9035315652688345,0.9193683877587319,0.6570471783479055,0.8004545594255129,0.7888489459951719,49.97337627410889,1.807932049036026,1.4816642845670382,2.3557257145643233,5.645322072505951,0.49103243111943207,0.9983749613165855,1.2025607442250474,2.6919681365291277,1.6281990915536881,0.9407491035759449,1.8394873728354773,4.408435565233231,4384.191463216146,2737.056953938802,2351.2695271809894,2568.530839029948,217.261274210612,0.0,0.0
2025-05-23 07:00:00,234.271941502889,233.93746554056804,233.89043909708658,234.03328170776368,20.433525323867798,19.561066228151322,16.496324535210928,18.83030530611674,12.23705663283666,0.7033437664310137,0.4827482317574322,0.587326109657685,0.6086441266040007,50.005836168924965,4.787677588065465,4.582459316651026,3.85823825498422,13.228375140825907,3.193188902239005,3.7146518719693025,3.047058997210115,9.954899841547013,3.2988856653372447,2.4943357162798443,2.2051388040184974,7.998360172907511,4392.792447916667,2742.8618591308596,2356.8254130045575,2574.1144287109373,217.2888641357422,0.0,0.0
2025-05-23 08:00:00,231.83570353190103,231.75543632507325,230.85194257100423,231.48102811177571,33.90459153652191,34.5777640581131,30.95823702017466,33.14686422348022,17.241996089617412,0.7537801161408424,0.6891533439358075,0.6577072526017825,0.7017035389939944,50.02375586827596,7.874678019682566,8.032548956076305,7.160684996843338,23.06791221300761,4.954675610860189,5.308537002404531,5.174777615070343,15.437990240255992,5.972090514500936,5.73893395314614,4.814317771792412,16.52534214258194,4412.853548177083,2756.337125651042,2371.0121602376303,2588.301271565755,217.2888641357422,0.0,0.0
2025-05-23 09:00:00,231.0796164194743,231.19483655293783,231.82619463602703,231.36688346862792,25.24371740818024,16.56476689974467,22.761181116104126,21.523221691449482,15.56791398525238,0.7419090415040652,0.4844053712983926,0.5752584405243397,0.6240478031337261,49.99244527816772,5.839845657348633,3.830728091796239,5.2850735227266945,14.955647214253743,3.6878632326920826,2.851955594619115,4.209500540296236,10.749319370587667,4.341296966870626,2.0953794457018375,3.0569164315859476,9.493592870235442,4431.776879882813,2769.28393351237,2384.0654846191405,2601.3545369466146,217.2888641357422,0.0,0.0
2025-05-23 10:00:00,230.77373110453289,231.1132329305013,230.73859074910482,230.87518577575685,26.037737464904787,24.444343682130178,24.243687283992767,24.908589458465578,15.853618621826172,0.7563172126809756,0.6158413643638293,0.7031722431381543,0.695408611992995,50.0093425432841,6.007144035895665,5.655691843231519,5.6007631589969,17.26359899441401,3.737882579366366,4.048287876447042,3.910959225644668,11.697129615147908,4.539221088091533,3.7112863466143606,3.8530847817659377,12.103592177232107,4447.441048177084,2779.5853474934897,2395.079353841146,2612.368660481771,217.2891005198161,0.0,0.0
2025-05-23 11:00:00,232.05157356262208,232.74968121846516,234.05021591186522,232.9504909515381,22.190578802426657,16.948115917046866,22.259573590755462,20.466089542706808,15.4337420185407,0.822540249923865,0.6719212479889393,0.7911894301573436,0.7662922710180282,50.01985038121541,5.155796084801356,3.9476286217570307,5.222129849592845,14.325554545720419,2.7760681748390197,2.6975862270221116,3.042904971043269,8.516559388240179,4.2205788175264995,2.708042264233033,4.0502547606825825,10.978875879446665,4462.119266764323,2790.435754394531,2404.2629516601564,2621.5971211751303,217.33402061462405,0.0,0.0
2025-05-23 12:00:00,233.0303788503011,234.2824873606364,235.82055231730143,234.37780621846517,15.482012597719828,7.824069827795029,17.876575406392416,13.727552684148153,14.466041604677836,0.8481174776951472,0.484025704410548,0.771128452817599,0.7396364798148473,50.005965614318846,3.6055619498093923,1.8240613828102747,4.209161615371704,9.638784960905712,1.5635884841283163,0.7447701264948895,2.5504239506398636,4.858782588442167,3.0478021065394083,0.9784897550397242,3.1761783808469772,7.202470272779465,4475.256404622396,2800.4606384277345,2411.852305094401,2629.258166503906,217.40579668680826,0.0,0.0
2025-05-23 13:00:00,234.5112737019857,234.91585731506348,235.71966209411622,235.04893112182617,10.504168995221455,5.072808315356572,12.465877099831898,9.347618142763773,11.246108333269754,0.8612306142846743,0.3072858404678603,0.7584954413274924,0.6928733485440414,50.007842763264975,2.46168995598952,1.1925601522127787,2.9446177194515863,6.598867799838384,0.6850108066263298,0.4560637918921808,1.648730237968266,2.789804822485894,2.125720837712288,0.35354475514225975,2.18895137856404,4.668216988444328,4482.748461914062,2805.849483235677,2415.2261494954428,2632.8233154296877,217.59714050292968,0.0,0.0
2025-05-23 14:00:00,235.8925422668457,236.01655909220378,237.122554397583,236.3438856760661,4.846330203612646,4.190596197048823,5.177679135402044,4.738201848665873,6.370257107416789,0.4409408198824773,0.6279048829273961,0.46423286567636146,0.34434364875778556,50.016149552663165,1.1435162564118704,0.9881029737492403,1.228002122292916,3.359621345003446,-0.7911253138794564,-0.11198417822209497,-0.13540131345701714,-1.0385108069206277,0.40340251340530814,-0.6213295914315192,0.3278335615982845,0.10990648223087192,4487.73330078125,2808.3252380371096,2416.059989420573,2634.4947591145833,218.4347759246826,0.0,0.0
2025-05-23 15:00:00,236.14393628438313,236.10273043314615,236.8078904469808,236.35152015686035,5.439597992102305,4.837939773996671,4.687728470563888,4.988422081867854,6.131124655405681,0.22370091425837016,0.7192894096486271,0.34154221579956356,0.33785838733892887,50.01443367004394,1.2834662735462188,1.141550365338723,1.1091297266383966,3.5341463685035706,-1.1821557799975078,-0.33772271078875443,-0.10938309179618953,-1.629261611623224,-0.036288203279643,-0.8348350510777285,-0.08452986050397157,-0.955653105955571,4491.0841593424475,2807.7050618489584,2414.5817036946614,2634.9429138183596,220.36126276652018,0.0,0.0
2025-05-23 16:00:00,235.14407450358073,235.32527338663738,235.94425048828126,235.47119992574056,4.212656319141388,3.0334124326705934,4.75643265346686,4.000833793481191,5.547133360306422,0.5481214898638427,0.4925128819915699,0.48666507434876016,0.3595878210423204,50.02110455830892,0.9901687895258268,0.7142598435282708,1.1225400892396769,2.8269687443971634,-0.6684043695529301,0.13478103678983946,0.19349897339319186,-0.3401243551944693,0.4594110778377702,-0.25738730411345995,0.42613479361558954,0.6281585700344294,4494.17265218099,2807.3263610839845,2413.389583333333,2635.4238321940106,222.03424542744955,0.0,0.0
2025-05-23 17:00:00,235.2334893544515,235.9028024037679,236.00363883972167,235.7133108774821,3.7222002665201823,3.338669987519582,6.3814530869325,4.480774460236232,6.310820454359055,0.7291851957639058,0.3090794012105713,0.6744285886486371,0.601081674049298,50.005926577250165,0.8743345146377881,0.7803111669917902,1.5048876374959945,3.1595333218574524,-0.45357476149996123,0.5655013002300014,0.5997065645953019,0.7116331112842696,0.6453203576306502,0.24438939449222136,0.9907722346484661,1.8804819901784262,4497.107857259115,2808.7967915852864,2413.6691284179688,2636.4356404622395,222.7664805094401,0.0,0.0
2025-05-23 18:00:00,235.03409525553386,235.6035469055176,236.29221115112304,235.6432846069336,6.269009063641231,4.946936680873235,8.37866690158844,6.531537552674611,6.089638380209605,0.913076218465964,0.5319963655124108,0.7231577381491661,0.7199582827587923,50.00415302912394,1.4742954855163892,1.1663531246284644,1.9811140964428584,4.6217627167701725,0.1631834734386454,0.7799596869697173,1.2160273273785909,2.159170486095051,1.3469138036171595,0.599040662124753,1.333037516474724,3.278991977373759,4500.957963053385,2811.2429402669272,2415.225618489583,2638.3722880045575,223.14663543701172,0.0,0.0
2025-05-23 19:00:00,234.56305351257325,235.11333338419595,235.89878832499187,235.19172554016114,7.204528947671254,6.602644965052605,9.360487536589305,7.722553789615631,5.887808060646057,0.9315153151750565,0.5080078089299301,0.7206467556456725,0.7181332685053349,50.00125398635864,1.6898294200499853,1.5509757657845815,2.2113088791569075,5.452114071448644,0.377558142816027,1.2662753503769637,1.3987206830953558,3.042554150397579,1.5683175067106883,0.799135853132854,1.5206716318925222,3.8881250103314717,4506.172045898437,2815.0031778971356,2417.9045450846356,2641.1409525553386,223.23636016845705,0.0,0.0
2025-05-23 20:00:00,233.75940170288087,234.47489217122396,234.8241704305013,234.35282135009766,6.877465148766835,8.770306905110678,9.423403584957123,8.357058493296305,7.001051563024521,0.9378765920797983,0.5837414870659511,0.772089558839798,0.7424928228060405,49.99921474456787,1.6061601440111797,2.0564678062995276,2.209387239813805,5.8720151543617245,0.33681193105876445,1.6204967454075814,1.249651854299009,3.2069605280955633,1.5054799377918244,1.1957587922612827,1.594332970182101,4.295571668942769,4511.828470865886,2819.1785217285155,2420.9313049316406,2644.1692403157554,223.2378845214844,0.0,0.0
2025-05-23 21:00:00,232.51678148905435,233.44281133015951,233.91041819254556,233.2900032043457,6.937487439314524,6.917014690240224,10.2362650513649,8.030255715052286,5.538474063078563,0.938153637945652,0.5713691371182601,0.7413946782549222,0.7378114501635233,49.98616590499878,1.6125008841355641,1.6162302404642106,2.396375301480293,5.625106410185496,0.34229346153636775,1.2917433828115463,1.5000387621422608,3.1340756277243296,1.5121115307013193,0.8988696450988451,1.696625639994939,4.107606828212738,4517.462430826823,2823.2488627115886,2424.0783467610677,2647.316280110677,223.2378845214844,0.0,0.0
2025-05-23 22:00:00,234.14111188252767,234.64668807983398,234.90445149739583,234.56408360799153,6.903306516011556,7.1771662871042885,9.219592726230621,7.766688485940297,5.731127868096034,0.9368377367655436,0.5431945977111657,0.7739913642406464,0.7419645369052887,50.009751892089845,1.61460842192173,1.686056970556577,2.1657701273759207,5.466435519854228,0.3438306306799253,1.3871987452109655,1.2273810806373755,2.9584104388952257,1.5121867557366688,0.8982920318841934,1.5944610704978308,4.0049398402372995,4523.078137207031,2827.318143717448,2427.216731770833,2650.4546793619793,223.2378845214844,0.0,0.0
2025-05-23 23:00:00,235.98467381795248,236.56921297709147,236.64459889729818,236.39949633280438,6.879561360677084,6.841846211751302,9.773717745145161,7.8317084868748985,6.108886690934499,0.9348195344209671,0.5739323591192563,0.7379654534161091,0.7303519522150358,50.0084464708964,1.6244574417670568,1.6201735806961854,2.315293937921524,5.559924900531769,0.3244156634124617,1.2917102839797736,1.4399820926288764,3.0561080624659858,1.5178681939840317,0.901944990704457,1.5954112112522125,4.015224401156107,4528.535424804688,2831.355578613281,2430.1284138997394,2653.368440755208,223.23997077941897,0.0,0.0
2025-05-24 00:00:00,235.3337168375651,236.13950068155924,235.87644208272297,235.78322003682453,4.43551991780599,6.918487413724264,10.0898388226827,7.147948741912842,6.016062364975611,0.9630211820205052,0.5765530116856098,0.7508713247875373,0.7230639999111493,50.00400759379069,1.0441865091522535,1.6333698163429895,2.3803207417329153,5.057877091566722,-0.024174988052497293,1.2952288761734962,1.4488105471556385,2.719864458342393,1.0051618958512942,0.9116574615240097,1.6960633128881455,3.612882665793101,4533.853348795573,2835.137410481771,2433.0474141438804,2656.328584798177,223.2811185201009,0.0,0.0
2025-05-24 01:00:00,235.37944831848145,236.30142453511556,236.15500780741374,235.9452922821045,4.424565482139587,6.696920084953308,9.400088103612264,6.840524586041768,5.842762877543767,0.9621686294674874,0.6275313757359982,0.7765017367899418,0.7505579089124997,50.00627539952596,1.0416283279657363,1.576601172486941,2.219950986901919,4.838180508216222,-0.01671404493972657,1.1514749431361755,1.2698192385335763,2.404580121611555,1.0013186057408652,0.9440831417838732,1.630125970641772,3.5755277375380197,4538.803515625,2838.767781575521,2435.578729248047,2658.923476155599,223.34469095865884,0.0,0.0
2025-05-24 02:00:00,236.13061587015787,237.07492535909017,236.6156945546468,236.60707880655926,4.534600206216177,7.088639318943024,9.44606248140335,7.023100701967875,5.682332118352254,0.9644523948431015,0.5729262039065361,0.7593874382476012,0.7281704127788544,50.005154291788735,1.071330501139164,1.6760832478602727,2.235139305392901,4.9825530807177225,0.005201250811417909,1.3395412415266037,1.3241307840993006,2.6688732703526816,1.0328771457076074,0.9322177588939666,1.6186050335566202,3.5836999277273813,4543.716194661459,2842.3478759765626,2438.1101582845054,2661.5171081542967,223.40690625508626,0.0,0.0
2025-05-24 03:00:00,236.20665448506674,237.37704327901204,237.03072827657064,236.87147623697916,4.462940613428752,6.929658587773641,11.240334475040436,7.5443112333615625,6.393957726160685,0.9640465632081032,0.5925102869669596,0.7189124099910259,0.7205107475320498,50.046756203969316,1.0537924458583197,1.6462523738543193,2.6524882326523462,5.3525330722332,-0.022796395110587262,1.2898215338587762,1.737725102653106,3.004750234882037,1.0151643673578898,0.937451283633709,1.8484573086102805,3.80107296705246,4548.844608561198,2846.035274251302,2440.9108357747396,2664.379355875651,223.4684632619222,0.0,0.0
2025-05-24 04:00:00,236.5979259490967,237.34185867309571,236.89402287801107,236.94460169474283,4.413499768575033,6.871028892199198,9.291176557540894,6.858568402131398,5.5647589286168415,0.9663517862558365,0.5720960227151711,0.7827458766599497,0.7385193233688673,50.002100213368735,1.0437597354253134,1.6336799641450246,2.2009567538897197,4.87839648326238,-0.019108570708582788,1.3051139449079832,1.2347936475028594,2.520799018939336,1.0085191488265992,0.9070614164074262,1.6270367741584777,3.5426173388957976,4554.01953125,2849.6906982421874,2443.7646708170573,2667.2973429361978,223.53262265523276,0.0,0.0
2025-05-24 05:00:00,236.34462127685546,237.10041275024415,236.90429140726727,236.7831081390381,4.465796768665314,6.900117448965708,9.417850184440614,6.927921454111735,5.830843812227249,0.9650207961599032,0.5854167364537716,0.7604295554260413,0.7321704000234603,50.00374221801758,1.0554621214667956,1.6364491641521455,2.2354846944411597,4.927395975589752,-0.011606401950120913,1.2898526852329573,1.3120768260210753,2.59032311886549,1.0179147561391195,0.9283448482553164,1.6148602336645126,3.5611198445161185,4558.922147623698,2853.2719197591146,2446.2912740071615,2669.885068766276,223.59375038146973,0.0,0.0
2025-05-24 06:00:00,235.34674402872722,236.15762939453126,236.16613133748373,235.8901674906413,4.491241749127706,6.750107649962107,9.810472929477692,7.017274153232575,5.781777765353521,0.9643258745471637,0.5876928942898909,0.7589659007887045,0.7346372544765473,49.99843746821086,1.056856064001719,1.5942706525325776,2.318644111355146,4.969770858685176,-0.007306609333803238,1.2564352060357729,1.3962057802826167,2.6453344002366066,1.0183223232626915,0.9059885332981745,1.674047154188156,3.598358013232549,4563.835127766927,2856.815594482422,2448.907969156901,2672.560231526693,223.65221570332844,0.0,0.0
2025-05-24 07:00:00,234.64508641560872,235.73509254455567,235.71906649271648,235.36641565958658,4.342024556795756,6.413161663214366,9.473542153835297,6.742909483114878,6.032419818639755,0.959521347284317,0.6584266764422257,0.7534345691402753,0.752579956750075,50.00161215464274,1.018703362842401,1.5078766445318859,2.2338747878869376,4.760454771916072,-0.04681079033762215,1.0481987806968391,1.3348704507574438,2.3362584392229717,0.9769905691345533,0.9395622973640759,1.5792027095953622,3.4957555691401163,4568.770153808594,2860.415177408854,2451.474055989583,2675.192508951823,223.71838963826497,0.0,0.0
2025-05-24 08:00:00,233.4888163248698,234.44624786376954,234.61320724487305,234.1827574412028,3.5969338178634644,5.029928771654765,7.929834353923797,5.518899005651474,5.6364866375923155,0.8316497392952442,0.5322050713002682,0.7536875600616137,0.6877731911838054,50.01426019668579,0.8397931382060051,1.176893305281798,1.8609329064687092,3.877619332075119,-0.3042437092711528,0.9403780209521453,0.9943450483105456,1.6304793536934692,0.7024641777078311,0.5991268945237,1.297865032653014,2.599456122517586,4573.140637207031,2863.547576904297,2453.4670959472655,2677.355214436849,223.88809191385906,0.0,0.0
2025-05-24 09:00:00,233.399089940389,234.4156093597412,234.46010208129883,234.09160181681315,3.5279191434383392,3.7799985229969026,6.61253864367803,4.640152086814244,5.713291150331497,0.5074500959987441,0.33092887164869655,0.7251333331068357,0.5475852490713199,50.00842275619507,0.8234096338351568,0.8868395226697127,1.5502024446924527,3.260451594988505,-0.5949631920617927,0.7568111353864272,0.7433198604732751,0.9051678098427752,0.40352277709171175,0.27527452702634037,1.0510855997602144,1.7298828904827437,4576.6842041015625,2865.7050903320314,2454.754520670573,2679.141436767578,224.3869342803955,0.0,0.0
2025-05-24 10:00:00,236.7887860616048,237.6394972483317,237.5995299021403,237.3426040649414,4.3079265832901,3.2591267228126526,5.107804801066717,4.224952705701193,5.519876943031947,0.32128387947838444,0.3051385970082871,0.6414971794312199,0.4059462295025393,50.01929244995117,1.0202593127886455,0.7744855602582296,1.2131683786710104,3.0079132417837777,-0.901234412441651,0.4846092247404158,0.3543877558161815,-0.06223744324330861,0.14557778611197136,0.007791190428542886,0.7064728210835407,0.8598418042180128,4579.862870279948,2866.9072326660157,2455.2195963541667,2680.578161621094,225.35856488545735,0.0,0.0
2025-05-24 11:00:00,236.5928052266439,237.61028137207032,237.51203829447428,237.23837496439617,3.4101958990097048,4.1946972946325936,6.710565435886383,4.771819533904393,6.030520977576574,0.5383280287186305,0.3426003320763508,0.6813668238619963,0.527665655563275,50.05271679560344,0.8067435815930366,0.9963632732629776,1.5900476331512132,3.393154493967692,-0.5990291184435288,0.8757526012758414,0.8790092678119739,1.1557327412689726,0.43087952708204585,0.3085998037829995,0.9850149184465409,1.7244942605495452,4582.99315999349,2868.254040527344,2455.6911682128907,2681.9417439778645,226.25057207743328,0.0,0.0
2025-05-24 12:00:00,234.7901236216227,236.06848793029786,235.98070755004883,235.61310640970865,4.766953931252162,3.755494159460068,6.70506529211998,5.0758377830187476,6.163195506731669,0.41936194537362703,0.48454585116899884,0.5618071927844236,0.43729945818389143,50.01424449284871,1.117637860774994,0.8859951620300611,1.5834827229380608,3.5871157507101694,-0.9380663045992453,0.42010332002925377,0.6170921114331577,0.0991291326781114,0.08860023652669043,-0.07760379081203914,0.8650438170880079,0.8760402719975294,4586.42871500651,2869.808673095703,2456.512097167969,2683.612744140625,227.10063591003419,0.0,0.0
2025-05-24 13:00:00,233.37783902486166,234.32011337280272,234.45601959228514,234.05132382710775,5.652786038319269,2.9878601491451264,4.150568742553393,4.263738286495209,4.9981794913609825,0.21391947877418713,0.3906200974228947,0.4904649520292878,0.32151190321698475,50.0106853167216,1.3199446007609368,0.7002339852352937,0.9731112177173297,2.9932898074388503,-1.229862062446773,-0.015463122993241997,-0.03260685199250777,-1.2779320464779933,-0.17439353647035508,-0.24903972329339014,0.38879723895030716,-0.034636010671965776,4589.668127441406,2870.223046875,2456.093786621094,2684.635467529297,228.5417106628418,0.0,0.0
2025-05-24 14:00:00,233.93225847880046,235.3158950805664,235.0548058827718,234.76765251159668,5.452064857880274,2.899103883902232,4.155872987707456,4.169013911485672,5.734844126303991,0.13903133118874392,0.4613018392556114,0.42962437873551,0.1900750902103027,49.9998664855957,1.275395375986894,0.6833005979657173,0.9689875947932403,2.9276835759480795,-1.2160499279697736,0.26286933821393177,0.12864968714614708,-0.8245309004404893,-0.19013507064082658,-0.3225851508187285,0.37279243965943654,-0.13992778255099741,4592.788606770833,2869.6831929524737,2454.5562072753905,2685.0499267578125,230.4937296549479,0.0,0.0
2025-05-24 15:00:00,235.4141882578532,236.61926294962566,236.45595715840656,236.16313692728679,5.375697690248489,2.87821401655674,5.048476914564769,4.434129554033279,6.370797302325567,0.18395763559577363,0.5001808872524028,0.44993183369903517,0.16625052974438098,50.00361884435018,1.2599448750416438,0.682671615233024,1.188212121774753,3.130828614036242,-1.1916051991283894,0.2365797056312052,0.43052419517189267,-0.5245012930128723,-0.15955698497903842,-0.32764358423495044,0.4492094584585478,-0.037991110283473975,4595.70097249349,2869.732287597656,2453.967185465495,2685.917380777995,231.95020294189453,0.0,0.0
2025-05-24 16:00:00,236.78000577290854,237.65728098551432,237.2876101175944,237.24163271586102,4.671564523379008,2.7315925111373267,4.602031316359838,4.001729460557302,5.547268815835317,0.15779680242606747,0.36174049871818476,0.5224631823599338,0.17786032801474597,49.99282347361247,1.1065210084120431,0.6454553703467051,1.0921634554862976,2.8441398153702417,-1.0530151079098384,0.4399936604779214,0.18233124926531066,-0.43069019765243866,-0.022951552450346434,-0.1395127058572446,0.5498311089041332,0.38736684677617933,4598.730855305989,2869.8468343098957,2453.5016906738283,2686.9286234537763,233.42692159016926,0.0,0.0
2025-05-24 17:00:00,236.75731137593587,237.68425966898602,237.45124181111655,237.2976047515869,3.5200855334599814,3.831951289375623,6.12754948536555,4.4931954344113665,5.939245748519897,0.43648643857062175,0.3054530412269135,0.6841072894632816,0.4904979092379411,49.976176198323564,0.8333925286928813,0.9117581630746524,1.4555889710783958,3.200739634037018,-0.6765951283276082,0.7967618049432834,0.744235326970617,0.8644019948939482,0.3487953449356913,0.25601705594453955,0.939076592028141,1.5438890002667904,4601.761979166667,2870.9751159667967,2453.7806050618487,2688.20932820638,234.42871742248536,0.0,0.0
2025-05-24 18:00:00,236.20458437601727,237.36843439737956,237.15195452372234,236.90832405090333,3.458947952588399,4.207453808188438,7.355088615417481,5.007163465023041,6.085051610072454,0.6222606564561526,0.38022554653386276,0.7211880485216776,0.5783230637510618,49.98329086303711,0.8181352446476619,0.9987999275326729,1.7443882380922635,3.5613234182198843,-0.5262090146231154,0.8610319652594626,0.907395010938247,1.242217963724397,0.5131810689965884,0.36435762569308283,1.1154523089528083,1.9929910053809483,4604.9420979817705,2872.592985026042,2454.6259501139325,2689.7986572265627,235.17270520528157,0.0,0.0
2025-05-24 19:00:00,235.53788566589355,236.7195022583008,236.65533739725748,236.30424168904622,3.8314810236295065,5.740514812866847,8.310690434773763,5.960895387331645,5.4391266942024235,0.911231126387914,0.5820659774045149,0.7711801908910274,0.7262903685371082,50.00385897954305,0.9014698366324106,1.3608096564809482,1.9676011313994726,4.229880595207215,-0.19296809667721387,1.0262061349581928,1.0928930618077477,1.9261310977240405,0.822646742562453,0.7498827268679936,1.4375765830278397,3.0101060728232065,4609.0127888997395,2875.141943359375,2456.4704020182294,2692.043349202474,235.57291463216146,0.0,0.0
2025-05-24 20:00:00,234.49075317382812,235.74424947102864,235.6991106669108,235.31137250264484,4.239918267726898,6.7291149497032166,10.319383641084036,7.096138966083527,6.458471838633219,0.954820557932059,0.5745905821522077,0.7428322337567806,0.7188566043972969,50.000751908620195,0.9950349316000938,1.590298669040203,2.417002702752749,5.002336315313975,-0.06864917106965243,1.2536234447111687,1.4904723450541497,2.67544661325713,0.9501559918125471,0.882195999721686,1.6905020385980607,3.5228540261586505,4613.4987386067705,2878.429026285807,2458.5515075683593,2694.2744384765624,235.7228972117106,0.0,0.0
2025-05-24 21:00:00,233.0878557840983,234.11355641682943,234.59520823160807,233.93220659891765,4.511732558409373,6.701479995250702,9.809586385885874,7.007599667708079,5.833622223138809,0.9601887737711271,0.5889278101424377,0.7704253266255061,0.7384796147545178,50.00848395029704,1.0519435207049053,1.5686824063460032,2.302309510111809,4.922935481866201,0.018915637955069557,1.2288936833540598,1.335801198457678,2.5836105316877367,1.0088800877332686,0.890213539203008,1.6778733412424722,3.5769669751326245,4618.57763671875,2882.0360514322915,2461.325927734375,2697.113981119792,235.78800773620605,0.0,0.0
2025-05-24 22:00:00,234.50462125142414,235.56912943522136,235.60003140767415,235.22459348042807,4.417009989420573,7.172887031237284,9.412088028589885,7.0006616592407225,5.510492134094238,0.9634934703509013,0.5445200758675734,0.7801618104179701,0.7248913645744324,50.00775728225708,1.0353689814607303,1.6909539312124253,2.2183490922053655,4.944672030210495,-0.024691156080613515,1.388107397655646,1.2540107409159342,2.617426973084609,0.997258656223615,0.8952948480844498,1.6308105399211248,3.523364043235779,4623.626652018229,2885.5818766276043,2464.0735290527346,2699.921877034505,235.84831848144532,0.0,0.0
2025-05-24 23:00:00,235.92180658976238,237.0229347229004,236.81712951660157,236.5872891743978,4.544623164335887,6.72744871377945,9.463023511568705,6.911698456605276,5.731045248111089,0.9622426281372706,0.5822134889662266,0.7404449289043744,0.7233520860473315,50.01243279774984,1.077137424548467,1.5949913779894511,2.2401949048042296,4.912323737144471,0.013792234410842279,1.2631521120667457,1.379212825372815,2.6561571727196376,1.0341598629951476,0.8945543443163236,1.5687442968289058,3.4974585016568502,4628.496455891927,2889.103094482422,2466.615895589193,2702.5241821289064,235.9082239786784,0.0,0.0
2025-05-25 00:00:00,234.74006144205728,235.746839650472,235.474263381958,235.32038841247558,4.431449095408122,7.07553057273229,9.886312091350556,7.131097213427226,6.0618654946486155,0.9643658151229223,0.5549086871246497,0.7580372162163258,0.7172791918118795,50.00533234278361,1.0398292581240336,1.6684663971265157,2.3378717521826426,5.046167393525441,-0.012070981444170063,1.359112379948298,1.4035943084706863,2.7506356999278068,1.0025671795010567,0.8900480255484581,1.6641376505295435,3.556752848625183,4633.4254964192705,2892.6092325846353,2469.256427001953,2705.2245910644533,235.96814257303873,0.0,0.0
2025-05-25 01:00:00,236.13655166625978,237.1126953125,236.82563603719075,236.69162762959797,4.4439339677492775,6.846508900324504,9.812886989116668,7.034443314870199,5.622781854867935,0.9631754775842031,0.568473074833552,0.7596568683783214,0.7272850399216017,50.00859670639038,1.0488996078570685,1.6264154493808747,2.324512923757235,4.999827979008357,-0.024107679196943822,1.3033732677499452,1.3872408609837295,2.666506450374921,1.0095636894305546,0.902106732626756,1.6619017958641051,3.5735722184181213,4638.496761067709,2896.1762268066404,2472.0366658528646,2708.0655619303384,236.02883644104003,0.0,0.0
2025-05-25 02:00:00,237.04180246988932,237.78149439493816,237.64199663798016,237.488431930542,4.432192359368006,6.6549850086371105,8.890666790803273,6.659281380971273,5.317370758454005,0.9644736389319102,0.6583166154722373,0.791775535295407,0.7714571237564087,50.0058380762736,1.0507056971391042,1.5828348363439242,2.112318808833758,4.74585934082667,-0.014331895764917122,1.1031940799516937,1.1303109942624967,2.219173184968531,1.0130309785405796,0.987839596470197,1.60505597392718,3.6059265454610188,4643.360616048177,2899.799609375,2474.4322489420574,2710.5301615397134,236.09787457784017,0.0,0.0
2025-05-25 03:00:00,237.21931686401368,238.12773348490398,237.9954071044922,237.78081906636555,4.501673849423726,6.634255603949229,10.244061557451884,7.1266636888186135,6.206799650192261,0.9658363660176595,0.6046023016174634,0.7264338915546735,0.724307623008887,50.001367251078285,1.067749493320783,1.5734543124834697,2.4293041706085203,5.070507947603861,0.0025113709891835903,1.2108710949619612,1.5687907463560502,2.7821732158462207,1.0311286196112632,0.9189820577700932,1.642000138759613,3.592110808690389,4648.257222493489,2903.3735880533854,2476.9488118489585,2713.109478759766,236.16061147054037,0.0,0.0
2025-05-25 04:00:00,237.6161434173584,238.38574345906576,238.11010360717773,238.03732922871907,4.4234577457110085,7.124853996435801,9.600281409422557,7.049531038602193,5.567907569805781,0.9655349264542262,0.5547291877369086,0.7709857175747553,0.7270002514123917,50.00745188395182,1.051952363550663,1.6921404401461284,2.286657637357712,5.030750425656636,-0.03277683813745775,1.3751956472794216,1.33781199157238,2.6802308022975923,1.0153906434774398,0.9046816438436508,1.6730246722698212,3.5930969536304476,4653.37705078125,2906.977608235677,2479.7524983723956,2715.975089518229,236.22254905700683,0.0,0.0
2025-05-25 05:00:00,237.65338312784831,238.4047684987386,237.95592829386393,238.00469296773275,4.422193761666616,6.713812712828318,8.84837820927302,6.661461567878723,5.1039006849129995,0.9646648168563843,0.5928198270499706,0.7855566238363584,0.7489563052852949,50.004378128051755,1.0507170235117276,1.6004612118005752,2.106875009338061,4.758053207397461,-0.016612883874525607,1.249358430504799,1.1540674474090338,2.386813006301721,1.0130569532513618,0.9219922592242559,1.58379973868529,3.5188489596048993,4658.250268554688,2910.544748942057,2482.2499064127605,2718.537772623698,236.28783149719237,0.0,0.0
2025-05-25 06:00:00,236.89703865051268,237.88406689961752,237.65848604838052,237.47986348470053,4.561157369613648,6.9696402788162235,10.85970272620519,7.4635001222292585,6.068476142485936,0.9644046579798062,0.5598737346629302,0.739317762106657,0.7163541187842687,49.998045984903975,1.0803079570333163,1.6585251271724701,2.580565169453621,5.319398276011149,0.002150724191839522,1.3411464914679527,1.6202120865384737,2.9635093082984287,1.0410211399197578,0.9048971682786942,1.8103137344121933,3.7562320550282795,4663.314518229166,2914.2265462239584,2484.9368021647138,2721.2863911946615,236.34955075581868,0.0,0.0
2025-05-25 07:00:00,237.18671277364095,238.08649686177571,238.11900736490887,237.79740524291992,4.3111957848072056,6.651868291695913,9.258794820308685,6.74061960776647,5.232470079263051,0.9596941391626994,0.5498796040813129,0.7719506872196992,0.7272721489270528,50.00874265034994,1.022996390859286,1.5849878787994385,2.20955515007178,4.817539387941361,-0.046133598599893334,1.2902127981185914,1.2731503995756308,2.5172296022375424,0.9820976436138154,0.8534447535872459,1.6042644759019216,3.4398068885008493,4668.380257161459,2917.8053588867188,2487.708251953125,2724.1235412597657,236.4152509053548,0.0,0.0
2025-05-25 08:00:00,235.64020589192708,236.54806378682454,236.67025349934895,236.2861738840739,3.6577612022558847,5.039157007137934,7.4097266554832455,5.368881571292877,5.689339387416839,0.8497910693287849,0.6157007671892643,0.77945985943079,0.7244187131524086,50.00142300923665,0.8621319676438968,1.1948256398240724,1.7544787089029947,3.811436345179876,-0.2933227381979426,0.789704460829186,0.9017960535517583,1.3981777717980246,0.7392007023096084,0.693400735904773,1.2931856219967206,2.725787052512169,4672.754069010417,2920.9392293294272,2489.7132873535156,2726.307509358724,236.59417877197265,0.0,0.0
2025-05-25 09:00:00,233.400794728597,234.54503173828124,234.42559560139975,234.12380676269532,6.009989458322525,3.079844909906387,4.283343071738879,4.457725795110067,5.727329299847285,0.2632247862949346,0.7238953643788893,0.36195033996676407,0.2583820290203827,50.01202764511108,1.4024169832468032,0.7230481920142968,1.0106760658323766,3.136141236623128,-1.3147089317440988,0.08292980797123164,0.13169597232942276,-1.100083152561759,-0.2740149380483975,-0.44954880730559427,0.31759917282809813,-0.40596458065944413,4676.0951171875,2922.191827392578,2489.917970784505,2727.5048950195314,237.5869322458903,0.0,0.0
2025-05-25 10:00:00,235.22918116251628,236.19063034057618,236.0163246154785,235.81204490661622,8.783538943529129,5.251510394612948,4.709586795171102,6.248212039470673,5.234489524364472,0.37379020064060264,0.7703765547213455,0.3988649511244148,0.45221293717622757,50.017524019877115,2.0656954248746238,1.241625890880823,1.111883711318175,4.419273287057877,-1.8586710343758266,-0.3275878927917802,-0.6533419269525136,-2.8396008666604757,-0.7966594180829513,-0.9763451450504362,-0.21003760795574636,-1.9830421670650442,4679.766870117188,2920.8925618489584,2487.9160990397136,2727.861364746094,239.9453025817871,0.0,0.0
2025-05-25 11:00:00,234.70821952819824,235.88750432332355,235.94915453592935,235.5149606068929,4.384072188536326,2.7208721349636713,4.971505331993103,4.025483202934265,5.8439813931783045,0.13346974949041998,0.13096787413486857,0.5834274751444658,0.2604267701642432,50.02152992884318,1.028292932609717,0.6410006056229274,1.1762860491871834,2.845579566558202,-0.9685398866732915,0.488915888646928,0.4036736903091272,-0.0759503081945392,0.06677782929036763,-0.061166427717660087,0.6280594987173875,0.6336708989304801,4683.581091308593,2920.056223551432,2486.296038818359,2728.5099609375,242.21391563415528,0.0,0.0
2025-05-25 12:00:00,234.78758112589517,235.56359418233237,235.9621243794759,235.43776524861653,3.975008726119995,2.894854497909546,5.721726375818252,4.197196551163992,5.9319491505622866,0.1962156117466899,0.15722055740504096,0.6160019872089227,0.3271684675167004,50.025733439127606,0.9333884646495183,0.6816426314413547,1.337213040391604,2.952244116862615,-0.8522382932404677,0.5106102283267925,0.5444738727524358,0.20284581581751507,0.15928512366178132,0.01299240621189408,0.7643890298902989,0.9366665636499723,4686.442822265625,2920.8560872395833,2486.3076029459635,2729.663602701823,243.35600471496582,0.0,0.0
2025-05-25 13:00:00,234.0615562438965,235.029421488444,235.2697296142578,234.78690134684246,3.3945911804835003,3.9537884453932444,6.148379981517792,4.498919854561488,5.120629415909449,0.5434121380249659,0.36816569889585177,0.7553412951529026,0.5751899907986323,50.0081374168396,0.7942705750465393,0.9311291230221589,1.4457369988163313,3.1711366991202037,-0.5864291968444983,0.8023894981791576,0.6741481604675452,0.8901084586667518,0.43004051769773166,0.32305555964509647,1.0447305098176003,1.7978265980879466,4689.509631347656,2922.2751892089846,2486.938926188151,2731.111895751953,244.17297172546387,0.0,0.0
2025-05-25 14:00:00,234.48261680603028,235.3090721130371,235.5421927134196,235.11129455566407,3.3641365110874175,4.092663874228795,6.48909117380778,4.648630529642105,5.519200992584229,0.629893609136343,0.5040734641253948,0.7457701553901036,0.626590853681167,50.043388239542644,0.7885039741794269,0.9627677236994108,1.5291282733281453,3.2803999642531076,-0.5262993508639435,0.656301221010896,0.7711016261329253,0.9011034911420818,0.49712229892611504,0.44355902473131814,1.0773896356423696,2.0180709461371102,4692.784228515625,2924.1919291178388,2487.9125630696612,2732.7020955403646,244.78951047261555,0.0,0.0
2025-05-25 15:00:00,235.43733228047688,236.36634724934896,236.5154230753581,236.1063680013021,3.422260888417562,3.965814878543218,7.369560960928599,4.919212247927984,5.896148830652237,0.5408513342340787,0.3632843030616641,0.7128350513676802,0.5553340047597886,50.017881361643475,0.8055641035238902,0.9378501323362192,1.7612197572986286,3.504633982976278,-0.580395561705033,0.765948220633436,1.0316158276672165,1.217168487914993,0.4335118107497692,0.30352871008217336,1.1767867475748062,1.9138272494077682,4696.168176269532,2926.228898111979,2488.877616373698,2734.3090189615887,245.43137550354004,0.0,0.0
2025-05-25 16:00:00,236.4823336283366,237.0232468922933,237.06568959554036,236.85709075927736,3.7883594075838727,3.260873140891393,5.463928331931432,4.171053624153137,5.38400507569313,0.2857234013092238,0.20106512170750646,0.6947547189891339,0.4152918084214131,49.97140645980835,0.8964200809597969,0.7735443527499835,1.2972098350524903,2.9671742886304857,-0.7898543727894624,0.6612218699418009,0.5423482201372584,0.4137157168937847,0.2430930754751898,0.13395695995083465,0.855197153488795,1.2322471854587396,4699.322542317708,2927.646765136719,2489.6489990234377,2735.8769307454427,246.22791608174643,0.0,0.0
2025-05-25 17:00:00,236.73903668721516,237.1992478688558,237.40107549031575,237.1131196339925,3.3691973090171814,4.269467366735141,6.317431483666102,4.6520320494969685,5.577327843507131,0.5600195350746314,0.37166982665658,0.7283891759812832,0.5563270007570584,49.99021100997925,0.7972911790013313,1.0141963509221872,1.5004897013306617,3.3119772175947824,-0.56477611468484,0.8755795653909445,0.713409005695333,1.0242124528313676,0.4440039952596029,0.34732642595966656,1.0141191139817238,1.8054495523373286,4702.429553222656,2929.1635559082033,2490.310548909505,2737.3344543457033,247.02390670776367,0.0,0.0
2025-05-25 18:00:00,235.97979456583658,236.55413525899252,236.79630953470866,236.44341328938802,3.7275504092375438,5.338699744145075,8.336970380942027,5.801073549191157,5.7490399857362116,0.8765035450458527,0.5270689517259598,0.7334380686283112,0.682267377525568,49.99630339940389,0.8824787557125091,1.264612407485644,1.974089147647222,4.1211803158124285,-0.24058601983512443,1.0258615729709466,1.1566757778580723,1.9419513415079563,0.7772999902566274,0.6369571976363659,1.3537212977806727,2.7679784735043844,4706.128751627604,2931.4740295410156,2491.7918986002605,2739.2514709472657,247.45952974955242,0.0,0.0
2025-05-25 19:00:00,234.32061042785645,235.19173901875814,235.0803690592448,234.864240137736,3.9651941577593486,6.482473623752594,8.920302097002665,6.455989929040273,5.426583729187647,0.9199182207385699,0.5102685091396173,0.7618787820140521,0.6980835989117622,49.99774163564046,0.9298093135158221,1.5251101677616437,2.0832707871993383,4.538190261522929,-0.1542601827221612,1.2731219405929248,1.2215767489746212,2.3404384925961494,0.8568419670065244,0.7516328697403272,1.5190211325883864,3.127495954434077,4710.478006998698,2934.403125,2493.979071044922,2741.665388997396,247.68628565470377,0.0,0.0
2025-05-25 20:00:00,232.95151443481444,233.8705972035726,234.07485758463542,233.63232231140137,4.351588652531306,6.667817954222361,8.966081253687541,6.661829272905986,5.2331487516562145,0.9525387609998385,0.5732720469435056,0.7725305669009686,0.7342396115263303,49.987572797139485,1.0141396542390189,1.5580605914195378,2.1000927408536274,4.672293009360631,-0.037904734754314,1.2360788842042287,1.1874774095912775,2.3856515516837438,0.9655929669737816,0.8647282004356385,1.5467807392279307,3.3771019001801807,4715.129036458334,2937.700858561198,2496.360068766276,2744.1528869628905,247.79278869628905,0.0,0.0
2025-05-25 21:00:00,233.96845690409342,234.70955136617025,235.06712595621744,234.58171106974285,4.471654339631399,6.563305187225342,9.813243254025776,6.949400929609935,5.889911593993505,0.9603080610434215,0.6468458198010921,0.7428028675417105,0.7465421162545681,49.99806359608968,1.046593120197455,1.5482202192147574,2.3091958572467166,4.9040092090765635,-0.004021706587324523,1.0976868259410064,1.3937214294448494,2.4873865279058616,1.004728799064954,0.9540743465224902,1.6101722101370493,3.568975337346395,4719.829435221354,2941.1845926920573,2498.6674763997394,2746.5201904296873,247.8526512145996,0.0,0.0
2025-05-25 22:00:00,235.86477559407552,236.4398115793864,236.5081906636556,236.27092514038085,4.450874571005503,6.955212012926737,9.443741575876873,6.949942735830943,5.156465454896291,0.9612134695053101,0.5497485441466172,0.7697432855765025,0.7270010898510615,50.00766150156657,1.0484433407584826,1.6460442622502645,2.2338396976391475,4.928327329953512,-0.010248888625452906,1.343347353239854,1.3154131272186835,2.6485115975141524,1.0074435025453568,0.883215128382047,1.6559034128983816,3.546562037865321,4724.847924804688,2944.750002034505,2501.3969116210938,2749.308846028646,247.91187693277996,0.0,0.0
2025-05-25 23:00:00,236.4484572092692,237.03691291809082,236.8995440165202,236.79497172037762,4.426848189036051,7.144504908720652,9.210526311397553,6.927293181419373,5.5415959318478905,0.9613293568293254,0.5353094287216663,0.7510462085405986,0.7096562976638476,50.017792256673175,1.0468128855029741,1.6934601982434592,2.1821140557527543,4.922387190659841,-0.028064162656664827,1.3998969425757726,1.3103868642201026,2.6822196289896967,1.0056300476193427,0.8847471569975217,1.5666813284158707,3.457058521111806,4729.755936686198,2948.2454528808594,2504.028043619792,2752.0001688639322,247.97208251953126,0.0,0.0
2025-05-26 00:00:00,235.36790211995444,236.15338045756022,235.82165145874023,235.78097813924154,4.426143054167429,8.213768136501312,10.700076790650686,7.779995985825857,7.07212836543719,0.9633740862210591,0.6244589212040107,0.7424185353020827,0.7327459588646889,50.003172938028975,1.0420025030771891,1.9410439441601435,2.5261411547660826,5.509187589089076,-0.011083074348668249,1.4762293805678686,1.5389005040749908,3.0040468096733095,1.0037717709938685,1.2015101984143257,1.7973860094944636,4.00266796151797,4734.904305013021,2951.958219401042,2506.7913228352863,2754.8239135742188,248.03252665201822,0.0,0.0
2025-05-26 01:00:00,235.93859418233237,236.49427019755046,236.26374778747558,236.23220354715983,4.539191408952077,7.111257604757944,9.356884908676147,7.002444628874461,4.9426216900348665,0.9626746589938799,0.5461925578614076,0.7733835602800051,0.7293157046039899,49.99272661209106,1.0704830413063366,1.6818437059720357,2.2100819885730743,4.962408721446991,0.0027585901940862484,1.377433611949285,1.2907837055623532,2.6709759056568148,1.0299569273988405,0.8947862739364306,1.6640217463175455,3.588764927784602,4740.229671223959,2955.7840189615886,2509.746057128906,2757.834600830078,248.08847923278807,0.0,0.0
2025-05-26 02:00:00,236.5119483947754,236.91643778483072,236.88467877705892,236.7710211435954,4.400198634465536,6.643834257125855,8.934963456789653,6.659665465354919,4.956803671518961,0.9646628767251968,0.6034134842455388,0.794960463543733,0.7592068220178286,50.00802202224732,1.0400826334953308,1.5772169023752212,2.1167244484027226,4.734023968378703,-0.018699931787947804,1.2177145227789878,1.116465611383319,2.3154801974693933,1.003243973851204,0.9219361717502276,1.630715091029803,3.555895229180654,4745.076883951823,2959.344561767578,2512.2541971842447,2760.401926676432,248.1476961771647,0.0,0.0
2025-05-26 03:00:00,236.6418368021647,237.20763448079427,237.20685183207195,237.01877454121907,4.445648097991944,6.6566140731175745,9.865937964121501,6.989400033156077,5.982529584566752,0.9630352894465128,0.6623871413369974,0.7489406764507294,0.7562072142958641,50.00606606801351,1.0520890673001608,1.5800962875286737,2.3134776085615156,4.9456630428632105,-0.015979761506120346,1.0772912521846592,1.4268159897377093,2.48812749410669,1.0123527139425277,0.9921135574579238,1.6808968474467596,3.6853104611237844,4749.8954386393225,2962.955460611979,2514.615692138672,2762.825799560547,248.2100538889567,0.0,0.0
2025-05-26 04:00:00,236.74528935750325,237.17665227254233,237.11294021606446,237.0116273244222,4.493933347860972,6.635543163617452,9.77377298672994,6.967749873797099,5.175724267959595,0.9633687322338422,0.5913260613878568,0.7942471861839294,0.7564151749014855,50.001921812693276,1.064809430638949,1.5738987863063811,2.317338569959005,4.956046803792318,0.0021079493065675236,1.2274661635359128,1.2206427683432897,2.450216874976953,1.0254015251994133,0.9034389535586039,1.777088365952174,3.7059288720289865,4754.90068766276,2966.681612141927,2517.1588460286457,2765.427838134766,248.2689464569092,0.0,0.0
2025-05-26 05:00:00,236.10666262308757,236.33347333272297,236.2953956604004,236.24517809549968,4.430289296309153,6.936254703998566,9.151130060354868,6.839224704106649,4.962784932057063,0.9620634039243062,0.5693252488970757,0.8106188533206781,0.7525127599636714,49.998333899180096,1.046726118028164,1.640511393547058,2.163425996899605,4.850663471221924,-0.018815592924753804,1.3113661125302314,1.0798529483998816,2.372403471171856,1.006292959054311,0.9131671170393626,1.6944077571233114,3.6138678510983784,4759.797631835938,2970.33818359375,2519.532615152995,2767.8613911946613,248.32874120076497,0.0,0.0
2025-05-26 06:00:00,233.98576825459799,233.65363833109538,234.19590326944987,233.94510498046876,7.407098340988159,5.781643365820249,9.407475340366364,7.532072305679321,5.7883984784285225,0.9335454309980075,0.5779347643256187,0.771191577365001,0.7672367364168167,49.99539149602254,1.7316970517237982,1.3535130431254705,2.2031641294558844,5.288374197483063,0.4668399637254576,1.0331890484318138,1.209472569497302,2.709501578907172,1.5908508434891702,0.7841167032718659,1.6533921360969543,4.028359681367874,4764.763553873698,2974.061492919922,2522.0301615397134,2770.4091186523438,248.37890548706054,0.0,0.0
2025-05-26 07:00:00,236.29137852986653,235.65929616292317,235.75147018432617,235.9007152557373,14.784508577982585,10.438570950428645,11.981724294026693,12.401601246992747,9.684139049053192,0.8458305974801381,0.5444813672453165,0.7741496096054713,0.7460805361469587,49.9928542137146,3.4951568404833475,2.4593748807907105,2.822636409600576,8.777168146769206,1.7995831514398257,1.8842717297375202,1.6408274919415513,5.324682372808456,2.9028652628262837,1.483846385901173,2.1388178706169128,6.525529513756434,4771.198360188802,2978.9029215494793,2525.6258178710937,2774.017588297526,248.39167188008625,0.0,0.0
2025-05-26 08:00:00,234.8476796468099,232.72811279296874,233.33489659627278,233.6368958791097,21.098553371429443,13.985312622785568,15.167971205711364,16.750612433751424,14.06596979300181,0.8172913451989492,0.6652331925928593,0.7377087086439132,0.7549166435996691,50.009864234924315,4.955658773581187,3.265003524720669,3.535875467459361,11.756537731488546,2.660032108426094,2.1971842646598816,2.259534523636103,7.116750905911128,4.041735843817393,2.2807771041989326,2.53700277308623,8.859515690803528,4782.4270711263025,2987.374072265625,2532.4252970377606,2780.8170878092446,248.3916778564453,0.0,0.0
2025-05-26 09:00:00,232.2878002166748,230.75810152689616,232.72175712585448,231.92255299886068,19.162950388590495,11.009271897872289,21.228760242462158,17.13366077343623,11.960171767075856,0.8407989084720612,0.6953027417572836,0.6765278838574886,0.7352133688827356,50.01515391667684,4.450503587722778,2.542865780989329,4.942845267057419,11.93621458609899,2.1929980928699178,1.5156679052238664,3.560436537365119,7.269102591276169,3.7281565090020496,1.7772311384168764,3.2950689494609833,8.800456563631693,4794.357267252604,2996.2237243652344,2539.7633829752604,2788.161413574219,248.3979111989339,0.0,0.0
2025-05-26 10:00:00,231.5904862721761,230.66879577636718,232.1236489613851,231.46097831726075,19.591521231333413,11.111162062486013,27.645822660128275,19.44950181643168,15.379592231909434,0.8351932317018509,0.6049488671744864,0.7623519107699395,0.7575856164097786,50.008639589945474,4.539009618759155,2.564347039659818,6.418817178408305,13.522173877557119,2.2652032546078167,1.8221316798590124,4.039433137575785,8.126768086353938,3.781522771716118,1.6265827996345859,4.872986016670863,10.281091552972793,4806.983382161458,3005.6815287272134,2547.388838704427,2795.798211669922,248.40924046834309,0.0,0.0
2025-05-26 11:00:00,231.32049802144368,231.54688428243,231.96282424926758,231.61006902058918,11.15670815706253,6.8615662117799125,15.196866309642791,11.071713602542877,11.376260979970295,0.8601292227705319,0.5032595046175022,0.7799732089042664,0.7200116763512293,50.020296796162924,2.5806041936079662,1.6083782836794853,3.5260463565588,7.715028862158458,0.8736818525202883,0.9688673698653777,2.0167695696155232,3.859318809832136,2.2197000006834666,0.7075761851544181,2.716641096274058,5.6439172943433125,4817.4228922526045,3013.4848449707033,2553.2759989420574,2801.7391947428387,248.4631374359131,0.0,0.0
2025-05-26 12:00:00,232.16077143351237,231.4503033955892,232.32346776326497,231.97818209330242,12.534345964590708,7.242563394705455,14.74228768348694,11.506399007638295,10.765057281653087,0.8572927102446556,0.5128220200228194,0.7395521106819312,0.7211919116477171,50.146245098114015,2.9138845443725585,1.6786669125159581,3.4340579410394034,8.02660942475001,1.1377881962650767,0.9766490274574607,2.1485645145177843,4.263001728554567,2.491690065463384,0.8803072813898325,2.519681968788306,5.891679313778877,4824.771496582031,3018.8895629882813,2556.839709472656,2805.359521484375,248.51974512736004,0.0,0.0
2025-05-26 13:00:00,235.51387507120768,234.34165484110514,234.9410842895508,234.93220532735188,8.614119267463684,3.9879499971866608,7.512761191527049,6.70494347413381,9.549866938591004,0.8808918640017509,0.4545012708132466,0.6840124713877836,0.5931649246563514,49.98083947499593,2.030082396666209,0.9348747928937277,1.7683402707179388,4.733297431468964,0.49005988901481035,0.23826232580759096,0.8023462620874245,1.5306684657776108,1.787942335009575,-0.10267167897739758,1.2410930287092925,2.926363711555799,4831.517980957031,3023.471795654297,2560.1200154622397,2808.7777852376303,248.65773366292316,0.0,0.0
2025-05-26 14:00:00,234.93311182657877,234.97036883036296,235.26662216186523,235.05670102437338,8.222934595743816,4.073421094814936,7.826605355739593,6.707653677463531,7.3671278615792595,0.9132608070969581,0.4746213278771999,0.7401820937482019,0.6758909016226728,49.97515910466512,1.931802401940028,0.9453309694925944,1.8395776962240538,4.716711070140203,0.42125041111527634,0.5714002539714177,0.7501698078510041,1.7428204516569774,1.7626284713546434,0.18272798695834352,1.357945217937231,3.3033016628275313,4836.314123535156,3026.744036865234,2561.7401143391926,2810.6508666992186,248.91070709228515,0.0,0.0
2025-05-26 15:00:00,236.49784418741862,236.66622111002604,237.4885629018148,236.8842093149821,6.639441744486491,2.9619031667709352,8.963213614622752,6.18818621635437,6.449530883630117,0.9439301535487175,0.2258414268144406,0.7989308729767799,0.7259995679060618,50.01029917399089,1.5677795926729838,0.7002225498358409,2.1281034380197523,4.396105577548345,0.26550982507202814,0.5587033808342918,1.0064135504886509,1.830626750178635,1.4777643303076426,0.05833721868693827,1.6486683001120885,3.18476985792319,4840.857946777343,3029.9948384602862,2563.5757059733073,2812.6234497070313,249.0477242787679,0.0,0.0
2025-05-26 16:00:00,235.60951563517253,234.5735102335612,235.71050923665365,235.29784469604493,5.6009475489457445,3.5845145652691524,6.932950452963511,5.372804192701976,6.703820759057999,0.8228329085977748,0.5221720546794434,0.7333290669135749,0.5499785418932637,50.001911862691244,1.3215784326195716,0.8465287531415622,1.6353226234515508,3.8034298002719877,-0.08104454066293935,-0.010594323003897451,0.40707371338891485,0.31543485110936065,1.1088366728431234,-0.32110679731704295,1.210945987018446,1.9986758649659653,4844.925915527344,3032.623789469401,2564.6050150553388,2814.0499165852866,249.4449026743571,0.0,0.0
2025-05-26 17:00:00,234.84530703226724,234.1325885772705,235.43326873779296,234.8037208557129,6.164689141511917,3.332340018947919,9.185187729199727,6.227405615647634,6.751787040630976,0.9047685317695141,0.299038702249527,0.8181962236762047,0.6995287582278251,49.98168134689331,1.4406885996460914,0.7801547745863596,2.161360607544581,4.382204016049703,0.07538187363922284,0.5102842962214102,0.8896950387434723,1.4753612093937893,1.316163902481397,0.061890460271388274,1.719165886938572,3.097220256924629,4848.925207519531,3035.0200764973956,2565.353165690104,2815.2778564453124,249.92465934753417,0.0,0.0
2025-05-26 18:00:00,234.8367706298828,234.67852172851562,235.89288635253905,235.1360656738281,6.465724182128906,2.2896047830581665,9.734335899353027,6.163221549987793,6.726906490325928,0.9482444167137146,0.32466019392013545,0.8401246070861816,0.8085876703262329,49.97853393554688,1.520450806617737,0.5389180839061737,2.297220325469971,4.356589317321777,0.14856136441230772,0.27987981736660006,1.0146251022815704,1.4430662631988525,1.4418005228042603,0.17566945105791087,1.8946836471557618,3.5121536254882812,4851.2501953125,3036.704296875,2566.24384765625,2816.212353515625,249.96853637695312,0.0,0.0
